type,time_stamp (<class 'float'>),"y_vel ((18,), <class 'numpy.ndarray'>)","y_vel_filt ((18,), <class 'numpy.ndarray'>)",cue (<class 'list'>)
start,750234.016362625,"[ 2.3004150e-01  1.1987305e-01 -1.4703369e-01  6.5734863e-02
  1.8118286e-01 -5.6152344e-03 -3.1158447e-02  2.5390625e-02
  1.8280029e-02 -5.4931641e-02 -2.4438477e-01 -1.4864502e+00
 -1.2760620e+00 -8.6517334e-01  6.6130676e+00  3.9027710e+00
  9.3596497e+00  5.0838928e+00]","[ 0.          0.06573486  0.11987305  0.06573486 -0.00561523  0.02539062
  0.01828003 -0.00561523 -0.03115845 -0.05493164 -0.24438477 -0.86517334
 -0.86517334 -0.86517334  3.902771    5.083893    5.083893    3.902771  ]","[15, None]"
end,750234.382906375,"[ 2.3004150e-01  1.1987305e-01 -1.4703369e-01  6.5734863e-02
  1.8118286e-01 -5.6152344e-03 -3.1158447e-02  2.5390625e-02
  1.8280029e-02 -5.4931641e-02 -2.4438477e-01 -1.4864502e+00
 -1.2760620e+00 -8.6517334e-01  6.6130676e+00  3.9027710e+00
  9.3596497e+00  5.0838928e+00 -3.3330688e+00  5.1309357e+00
  6.3795929e+00  4.0403442e+00  4.8004150e-02 -6.1306763e-01
 -1.1079559e+00 -1.4408264e+00 -5.6680908e+00 -1.0333359e+01
  3.2541199e+00]","[ 0.          0.06573486  0.11987305  0.06573486 -0.00561523  0.02539062
  0.01828003 -0.00561523 -0.03115845 -0.05493164 -0.24438477 -0.86517334
 -0.86517334 -0.86517334  3.902771    5.083893    5.083893    5.083893
  5.1309357   5.083893    4.040344    4.040344    0.04800415 -0.6130676
 -1.1079559  -1.4408264  -1.4408264  -1.4408264   0.        ]","[15, 26]"
